<?xml version="1.0" encoding="UTF-8"?>
<beans xmlns="http://www.springframework.org/schema/beans"
    xmlns:xsi="http://www.w3.org/2001/XMLSchema-instance"
    xsi:schemaLocation="http://www.springframework.org/schema/beans http://www.springframework.org/schema/beans/spring-beans-3.0.xsd
                        http://www.springframework.org/schema/jdbc  http://www.springframework.org/schema/jdbc/spring-jdbc-3.0.xsd">
     <!-- DB접속정보 설정하는곳 -->
     <bean id="dataSourceSpied" class="org.apache.commons.dbcp.BasicDataSource" destroy-method="close">
        <property name="driverClassName" value="com.mysql.jdbc.Driver"/>
        <property name="url" value="jdbc:mysql://localhost:3360/pic?allowMultiQueries=true&amp;autoReconnect=true&amp;userSSL=false&amp;serverTimezone=UTC"/>
        <property name="username" value="root"/>
        <property name="password" value="1234"/>
    </bean>
     
    <bean id="dataSource" class="net.sf.log4jdbc.Log4jdbcProxyDataSource">
        <constructor-arg ref="dataSourceSpied" />
        <property name="logFormatter">
            <bean class="net.sf.log4jdbc.tools.Log4JdbcCustomFormatter">
                <property name="loggingType" value="MULTI_LINE" />
                <property name="sqlPrefix" value="SQL         :  "/>
            </bean>
        </property>
    </bean>
    
<!--     <bean id="dataSource" class="org.apache.commons.dbcp.BasicDataSource" destroy-method="close"> -->
<!--         <property name="driverClassName" value="com.mysql.jdbc.Driver"/> -->
<!--         <property name="url" value="jdbc:mysql://121.159.115.162/jbr?allowMultiQueries=true&amp;autoReconnect=true&amp;autoReconnectForPools=true"/> -->
<!--         <property name="username" value="root"/> -->
<!--         <property name="password" value="jbr9470"/> -->
<!--     </bean> -->
</beans>
